card_id,platform,public_url,published_at_utc,publication_type,is_repost,history_completeness,first_observation_age_seconds,stored_points,first_stored_observation_utc,last_stored_observation_utc
B01-001,max,https://max.ru/YaroslavlSTU/AaCPSIkZNSc,2026-09-11 07:04:50.713+00,photo,f,complete,93,200,2026-09-11 07:06:23.857952+00,2026-09-25 10:25:57.224094+00
B01-002,rutube,https://rutube.ru/video/e1d94e265d032a17d227d226cf30e8c1/,2026-09-11 11:48:49+00,video,f,incomplete,389342,10,2026-09-15 23:57:51.918874+00,2026-09-25 02:24:46.454155+00
B01-003,rutube,https://rutube.ru/video/25f6cd7a6513fdd38dbda65f416e0174/,2026-09-07 15:25:26+00,video,f,incomplete,721945,10,2026-09-15 23:57:51.918874+00,2026-09-25 02:24:46.454155+00
B01-004,vk,https://vk.com/wall-58265344_37614,2026-09-09 08:00:01+00,photo,f,incomplete,575131,83,2026-09-15 23:45:32.828992+00,2026-09-25 14:55:13.07166+00
B01-005,rutube,https://rutube.ru/video/84976fc7213854b1c028586823c85dc3/,2026-09-08 11:00:14+00,video,f,forced_incomplete,1704,56,2026-09-08 11:28:38.926712+00,2026-09-25 00:23:58.389447+00
B01-006,max,https://max.ru/chuvsu/AaCPRCErfas,2026-09-11 07:00:01.963+00,video,f,complete,25,272,2026-09-11 07:00:27.198594+00,2026-09-25 11:46:18.613405+00
B01-007,vk,https://vk.com/wall-115982637_16920,2026-09-07 16:03:00+00,photo,f,forced_incomplete,16,603,2026-09-07 16:03:16.566775+00,2026-09-25 22:55:36.202549+00
B01-008,telegram,https://t.me/hse_official/6193,2026-09-08 12:34:02+00,album,f,incomplete,648515,27,2026-09-16 00:42:37.65365+00,2026-09-25 16:49:18.014443+00
B01-009,telegram,https://t.me/demidyarsu/12183,2026-09-08 17:01:29+00,photo,f,forced_incomplete,3337,91,2026-09-08 17:57:06.914141+00,2026-09-25 13:34:01.597065+00
B01-010,rutube,https://rutube.ru/video/d275e3a4c80bae1d109fb4e6e9e44d20/,2026-09-07 14:15:09+00,video,f,forced_incomplete,4882,70,2026-09-07 15:36:31.263263+00,2026-09-25 20:23:25.223167+00
B01-011,rutube,https://rutube.ru/video/821c6c15cadea26f32a2bdeb1bb65cc1/,2026-09-09 11:01:10+00,video,f,forced_incomplete,399,39,2026-09-09 11:07:49.682282+00,2026-09-25 00:23:58.389447+00
B01-012,max,https://max.ru/maiuniversity/AaCG1s_4eKw,2026-09-09 15:43:40.024+00,album,f,forced_incomplete,394,593,2026-09-09 15:50:14.137147+00,2026-09-25 22:35:23.994374+00
B01-013,max,https://max.ru/id4027008974_biz/AaCLMGa-P-k,2026-09-10 12:00:00.19+00,video,f,forced_incomplete,41,216,2026-09-10 12:00:42.174201+00,2026-09-25 18:51:13.657075+00
B01-014,telegram,https://t.me/mephi_of/20147,2026-09-05 08:37:32+00,text,f,forced_incomplete,37,410,2026-09-05 08:37:32+00,2026-09-25 18:17:38.275964+00
B01-015,rutube,https://rutube.ru/video/3b9da3264c2eb5bcdd2bde471ba19fc7/,2026-09-06 12:01:11+00,video,f,forced_incomplete,57468,83,2026-09-06 09:04:06.304157+00,2026-09-25 20:23:25.223167+00
B01-016,rutube,https://rutube.ru/video/c62e7a2a2db9f4abadab731cd77f5ce3/,2026-09-10 13:00:17+00,video,f,forced_incomplete,746,19,2026-09-10 13:12:43.294742+00,2026-09-25 00:23:58.389447+00
B01-017,vk,https://vk.com/wall-26957046_62783,2026-09-10 10:40:04+00,photo,f,forced_incomplete,29,485,2026-09-10 10:40:33.742494+00,2026-09-25 20:14:21.934675+00
B01-018,vk,https://vk.com/wall-47647998_92972,2026-09-08 15:03:24+00,album,f,forced_incomplete,474,297,2026-09-08 15:11:18.354771+00,2026-09-25 21:14:38.808243+00
B01-019,vk,https://vk.com/wall-96206316_13794,2026-09-07 14:26:00+00,album,f,forced_incomplete,654,540,2026-09-07 14:36:54.565066+00,2026-09-25 19:00:48.109768+00
B01-020,max,https://max.ru/beluniversity/AaCO_Qo3eAI,2026-09-11 05:42:23.031+00,text,t,incomplete,724110,41,2026-09-19 14:55:54.020432+00,2026-09-25 20:41:08.176096+00
B01-021,rutube,https://rutube.ru/video/effb0da723adad660b3e7c3a0f067b43/,2026-09-09 10:46:58+00,video,f,forced_incomplete,659,48,2026-09-09 10:57:57.707372+00,2026-09-25 22:15:20.010165+00
B01-022,max,https://max.ru/spsutd/AaCF8cjzJuc,2026-09-09 11:33:30.483+00,photo,f,forced_incomplete,109,325,2026-09-09 11:35:20.473045+00,2026-09-25 18:56:12.590759+00
B01-023,vk,https://vk.com/wall-85587208_11554,2026-09-11 09:30:58+00,video,f,complete,288,77,2026-09-11 09:35:46.141723+00,2026-09-25 12:54:56.662825+00
B01-024,max,https://max.ru/id7453019764_biz/AaB7yiUWGYo,2026-09-07 12:14:00.47+00,photo,f,forced_incomplete,7066,442,2026-09-07 14:11:46.93228+00,2026-09-25 12:21:10.956157+00
B01-025,telegram,https://t.me/nust_misis/31395,2026-09-10 09:13:01+00,photo,f,forced_incomplete,6681,98,2026-09-10 11:04:22.884042+00,2026-09-25 20:37:58.721099+00
B01-026,vk,https://vk.com/wall-71938736_229565,2026-09-07 13:30:00+00,album,f,forced_incomplete,2100,530,2026-09-07 14:05:00.370736+00,2026-09-25 18:30:51.064471+00
B01-027,max,https://max.ru/dmuctr/AaCKwaGrWTk,2026-09-10 09:59:00.779+00,photo,f,incomplete,1315928,2,2026-09-25 15:31:09.364492+00,2026-09-25 23:01:02.525337+00
B01-028,telegram,https://t.me/Bru_Live/21805,2026-09-11 08:52:54+00,photo,f,complete,134,247,2026-09-11 08:52:54+00,2026-09-25 08:58:15.379295+00
B01-029,telegram,https://t.me/Novosti_AU/4075,2026-09-10 12:02:00+00,photo,f,forced_incomplete,4730,139,2026-09-10 13:20:50.728608+00,2026-09-25 14:03:00.305078+00
B01-030,vk,https://vk.com/wall-44036459_315903,2026-09-07 08:17:53+00,photo,f,forced_incomplete,303,611,2026-09-07 08:22:56.316802+00,2026-09-25 23:49:11.06358+00
B01-031,telegram,https://t.me/unidubna_official/12509,2026-09-11 11:24:08+00,photo,f,incomplete,380,286,2026-09-11 11:30:28.042799+00,2026-09-25 20:03:48.488725+00
B01-032,telegram,https://t.me/gubkin_university/13998,2026-09-10 14:30:00+00,photo,f,forced_incomplete,1673,78,2026-09-10 14:57:53.574729+00,2026-09-25 12:59:23.258555+00
