card_id,reviewer_id,reviewed_at_utc,horizon,observed_unusual,measurement_issue,external_explanation,external_source_url,external_source_accessed_at_utc,origin_evidence,metric_and_age_interval,confidence,reasoning
B01-001,,,,,,,,,,,,
B01-002,,,,,,,,,,,,
B01-003,,,,,,,,,,,,
B01-004,,,,,,,,,,,,
B01-005,,,,,,,,,,,,
B01-006,,,,,,,,,,,,
B01-007,,,,,,,,,,,,
B01-008,,,,,,,,,,,,
B01-009,,,,,,,,,,,,
B01-010,,,,,,,,,,,,
B01-011,,,,,,,,,,,,
B01-012,,,,,,,,,,,,
B01-013,,,,,,,,,,,,
B01-014,,,,,,,,,,,,
B01-015,,,,,,,,,,,,
B01-016,,,,,,,,,,,,
B01-017,,,,,,,,,,,,
B01-018,,,,,,,,,,,,
B01-019,,,,,,,,,,,,
B01-020,,,,,,,,,,,,
B01-021,,,,,,,,,,,,
B01-022,,,,,,,,,,,,
B01-023,,,,,,,,,,,,
B01-024,,,,,,,,,,,,
B01-025,,,,,,,,,,,,
B01-026,,,,,,,,,,,,
B01-027,,,,,,,,,,,,
B01-028,,,,,,,,,,,,
B01-029,,,,,,,,,,,,
B01-030,,,,,,,,,,,,
B01-031,,,,,,,,,,,,
B01-032,,,,,,,,,,,,
