source_path	bytes	sha256
/Users/funpin/Downloads/methodology_ru.md	120665	2f5932aa70f244229cc2cb5e4ffbd1b1be268961687c2c4d28f270675ab2a18b
/Users/funpin/Downloads/research_keywords_smart_engagement_ru.md	17627	fd1835794e2a06c05e6ec6424ffe17c34b23d17a1996aeded4a2c822c026f23d
/Users/funpin/Downloads/articles/03074801211244940.pdf	276569	f8bef1fb8b0a091fe54044c275d3f2c35feefd95f50957f59d554501289a4403
/Users/funpin/Downloads/articles/1-s2.0-S0167404822004059-main.pdf	2805034	257342f6231e5aa85defd263ec351c178429106db7b7f33badff669ddf95bf84
/Users/funpin/Downloads/articles/21-0917.pdf	1896189	59792fdc46a731da310af54bfe4ac985d58d01ab4f181a9f29009d9fd777269b
/Users/funpin/Downloads/articles/2939672.2939747.pdf	2885013	4bee62064152379a3902508ba50fbff1d9cc3c707fad611663abef85c631fa9a
/Users/funpin/Downloads/articles/3366423.3380256.pdf	1108073	44ac51dc39a3f1c859e118bb4c50d017a4e8e96875be7ee65dbc9bc47231671d
/Users/funpin/Downloads/articles/83031481_2642987862604269_8519189131945836544_n.pdf	490477	e74dd3e5ea7b455b485589bc89cbd893bfe096639364797f313ea70d7c02cef0
/Users/funpin/Downloads/articles/J.TECHSOC.2021.101588.pdf	1006664	416d32020cc46a54a40f8153666ed0ed26ab08338ed30c780d64441b6b5a8da9
/Users/funpin/Downloads/articles/j.jbusres.2016.01.025.pdf	1046270	f6425bc69233f59f951191c0e3e30c83997a6a802f6df538f191a4114374ea5b
/Users/funpin/Downloads/articles/s10639-016-9558-x.pdf	799488	5ee6b6c8d6322d9a8b711a04c47b47a09511013088ae7323b44bb5e999ef7903
/Users/funpin/Downloads/articles/s11280-019-00727-4.pdf	5822694	f36234a4bbc55f28f8736a4fb4fc7935d439aff49f26ad797bea760a95a8233d
/Users/funpin/Downloads/articles/s13278-014-0241-1.pdf	1597286	10988d40dc8971e62a8ba4cf5906dcc08deea42e0ece3341752d0c5fdfa48ecb
/Users/funpin/Downloads/articles/s13278-022-00928-2.pdf	3134995	906669bb7ff9241acf76c83d5fec7c6e3a2c75112fcfc346b2f7c0bf6421856b
