card_id,platform,sampling_arm,sample_rank,publication_id,provisional_label,content_group_id
B01-001,max,exploratory,16,e4b2f3f3-5d48-579d-9efd-40e24ccea9fa,no_clear_signal,
B01-002,rutube,exploratory,5,c5aa7365-838b-5535-9b23-7d09ef978f29,insufficient_early,
B01-003,rutube,deterministic_comparison,47,1ee4a175-dc91-5f40-8775-17b0884816c6,not_previously_reviewed,
B01-004,vk,exploratory,8,0858944f-13a3-509b-b30a-e85733a4d6e2,insufficient_early,
B01-005,rutube,deterministic_comparison,38,687dacd0-cf69-5684-a24c-bb6cbabc0092,not_previously_reviewed,
B01-006,max,exploratory,3,2dff9578-a546-5cda-8223-188305812165,no_clear_signal,
B01-007,vk,deterministic_comparison,54,d034652b-c4fe-54e0-9416-e4b02f78b600,not_previously_reviewed,
B01-008,telegram,exploratory,3,066c4657-81cb-5f4a-b97a-7d950f3a3cf4,insufficient_early,
B01-009,telegram,deterministic_comparison,38,c08abd76-dcdb-5f67-868c-e0df7245d693,not_previously_reviewed,
B01-010,rutube,exploratory,1,63b69686-3d52-521a-a75c-b46aad77d1ba,candidate_anomaly,
B01-011,rutube,exploratory,9,5e6ecce3-ba99-5a1c-a746-bdcadc474b9b,no_clear_signal,
B01-012,max,exploratory,15,4be67b2f-775a-5a8f-8314-9a3642da5908,no_clear_signal,
B01-013,max,deterministic_comparison,38,90027f02-4d20-57e2-a474-b56639fe65f5,not_previously_reviewed,
B01-014,telegram,deterministic_comparison,54,c10fe6f9-a191-568c-87c7-4bc28d580e41,not_previously_reviewed,
B01-015,rutube,deterministic_comparison,31,92a5f248-ba52-55c6-a349-fbed658a9e24,not_previously_reviewed,
B01-016,rutube,deterministic_comparison,54,78e16c52-f585-5f53-9a64-d25a587d9b74,not_previously_reviewed,
B01-017,vk,deterministic_comparison,38,9f725b3f-8d3d-5a72-a464-9f7a2ccbd8da,not_previously_reviewed,
B01-018,vk,deterministic_comparison,31,1f1495a7-3239-5033-9ce2-5b41d2a0d1be,not_previously_reviewed,
B01-019,vk,deterministic_comparison,47,1ceeb5ee-4669-5196-b0f8-888e8a95de90,not_previously_reviewed,
B01-020,max,exploratory,2,85d273c5-082b-541e-ab70-30fe5750a921,insufficient_early,
B01-021,rutube,exploratory,18,839b4dc7-a934-50c9-8119-7f69ed6fb681,no_clear_signal,
B01-022,max,deterministic_comparison,47,eb021423-a635-552b-bae3-00e5aa4db4d6,not_previously_reviewed,
B01-023,vk,exploratory,3,2b3f7982-676f-5bba-88be-efdf6888464c,no_clear_signal,
B01-024,max,deterministic_comparison,31,3e66b6dd-c18c-5c1a-a029-7c0dad8642fd,not_previously_reviewed,
B01-025,telegram,exploratory,15,5124e3e9-0af2-5e9d-8e47-a12219d014fa,candidate_anomaly,
B01-026,vk,exploratory,6,52cc0aca-cf86-5201-b19c-882a22524833,no_clear_signal,
B01-027,max,deterministic_comparison,54,bbd523b8-c273-5751-bbd9-38b9ca22d540,not_previously_reviewed,
B01-028,telegram,exploratory,6,17913f83-ef74-5279-bd41-cadb62af3040,no_clear_signal,
B01-029,telegram,deterministic_comparison,47,6bbf5638-d58f-58e3-84e0-111ce1c244a7,not_previously_reviewed,
B01-030,vk,exploratory,20,c5527c6b-bc78-59e4-ac2f-0357f0c6a86d,no_clear_signal,
B01-031,telegram,deterministic_comparison,31,bb221c3d-f4df-53ed-bfe0-96b7bb76e347,not_previously_reviewed,
B01-032,telegram,exploratory,16,918ec5a0-0d52-51e9-83d8-aa48f745317a,candidate_anomaly,
